{"cameraMode":{"drawMode":0,"name":"Shaded","section":"Shading Mode"},"sceneLighting":true,"audioPlay":false,"sceneViewState":{"showFog":true,"showMaterialUpdate":false,"showSkybox":true,"showFlares":true,"showImageEffects":true,"showParticleSystems":true},"in2DMode":false,"pivot":{"x":16.713394165039064,"y":31.414443969726564,"z":42.78330612182617},"rotation":{"x":-0.011433747597038746,"y":0.9608253240585327,"z":-0.2740122079849243,"w":-0.040088579058647159},"size":1.2247449159622193,"orthographic":false}