{"cameraMode":{"drawMode":0,"name":"Shaded","section":"Shading Mode"},"sceneLighting":true,"audioPlay":false,"sceneViewState":{"showFog":true,"showMaterialUpdate":false,"showSkybox":true,"showFlares":true,"showImageEffects":true,"showParticleSystems":true},"in2DMode":false,"pivot":{"x":0.11414915323257446,"y":16.236572265625,"z":-3.2903401851654054},"rotation":{"x":0.643276572227478,"y":-0.28201568126678469,"z":0.2775631546974182,"w":0.6556610465049744},"size":29.177202224731447,"orthographic":false}