{"cameraMode":{"drawMode":0,"name":"Shaded","section":"Shading Mode"},"sceneLighting":true,"audioPlay":false,"sceneViewState":{"showFog":true,"showMaterialUpdate":false,"showSkybox":true,"showFlares":true,"showImageEffects":true,"showParticleSystems":true},"in2DMode":false,"pivot":{"x":3.839397430419922,"y":-1.525928020477295,"z":-4.4583659172058109},"rotation":{"x":0.07681139558553696,"y":0.41863855719566347,"z":-0.035266414284706119,"w":0.9043462872505188},"size":7.465807914733887,"orthographic":false}