{"cameraMode":{"drawMode":0,"name":"Shaded","section":"Shading Mode"},"sceneLighting":true,"audioPlay":false,"sceneViewState":{"showFog":true,"showMaterialUpdate":false,"showSkybox":true,"showFlares":true,"showImageEffects":true,"showParticleSystems":true},"in2DMode":false,"pivot":{"x":206.17733764648438,"y":22.86223602294922,"z":31.979297637939454},"rotation":{"x":-0.18127574026584626,"y":0.15307053923606873,"z":-0.028373368084430696,"w":-0.9711436629295349},"size":40.36570739746094,"orthographic":true}