{"cameraMode":{"drawMode":0,"name":"Shaded","section":"Shading Mode"},"sceneLighting":true,"audioPlay":false,"sceneViewState":{"showFog":true,"showMaterialUpdate":false,"showSkybox":true,"showFlares":true,"showImageEffects":true,"showParticleSystems":true},"in2DMode":false,"pivot":{"x":77.30940246582031,"y":3.3380682468414308,"z":55.15090560913086},"rotation":{"x":-0.1972518265247345,"y":0.19153723120689393,"z":-0.0393269807100296,"w":-0.960685670375824},"size":30.75570297241211,"orthographic":false}