{"cameraMode":{"drawMode":0,"name":"Shaded","section":"Shading Mode"},"sceneLighting":false,"audioPlay":false,"sceneViewState":{"showFog":true,"showMaterialUpdate":false,"showSkybox":false,"showFlares":true,"showImageEffects":true,"showParticleSystems":true},"in2DMode":false,"pivot":{"x":3.431373119354248,"y":-3.066493034362793,"z":-5.060109615325928},"rotation":{"x":-0.5102707743644714,"y":-0.46887555718421938,"z":0.3979963958263397,"w":-0.6011570692062378},"size":22.358644485473634,"orthographic":false}