{"cameraMode":{"drawMode":0,"name":"Shaded","section":"Shading Mode"},"sceneLighting":true,"audioPlay":false,"sceneViewState":{"showFog":true,"showMaterialUpdate":false,"showSkybox":true,"showFlares":true,"showImageEffects":true,"showParticleSystems":true},"in2DMode":false,"pivot":{"x":12.3753662109375,"y":10.852343559265137,"z":1.2949371337890626},"rotation":{"x":0.39891892671585085,"y":0.21015992760658265,"z":-0.09445677697658539,"w":0.8875670433044434},"size":12.575916290283204,"orthographic":true}