{"cameraMode":{"drawMode":0,"name":"Shaded","section":"Shading Mode"},"sceneLighting":false,"audioPlay":false,"sceneViewState":{"showFog":true,"showMaterialUpdate":true,"showSkybox":false,"showFlares":true,"showImageEffects":true,"showParticleSystems":true},"in2DMode":false,"pivot":{"x":3.50860333442688,"y":0.5107994079589844,"z":-0.595799446105957},"rotation":{"x":0.06953515857458115,"y":0.8786324262619019,"z":-0.13494856655597688,"w":0.452741414308548},"size":1.7320514917373658,"orthographic":false}