{"cameraMode":{"drawMode":0,"name":"Shaded","section":"Shading Mode"},"sceneLighting":true,"audioPlay":false,"sceneViewState":{"showFog":true,"showMaterialUpdate":true,"showSkybox":true,"showFlares":true,"showImageEffects":true,"showParticleSystems":true},"in2DMode":false,"pivot":{"x":20.59714698791504,"y":18.14394760131836,"z":41.31269454956055},"rotation":{"x":0.08457847684621811,"y":0.909918487071991,"z":-0.33472689986228945,"w":0.2299191802740097},"size":14.03566837310791,"orthographic":false}