{"cameraMode":{"drawMode":0,"name":"Shaded","section":"Shading Mode"},"sceneLighting":true,"audioPlay":false,"sceneViewState":{"showFog":true,"showMaterialUpdate":false,"showSkybox":true,"showFlares":true,"showImageEffects":true,"showParticleSystems":true},"in2DMode":false,"pivot":{"x":41.43370056152344,"y":2.889812469482422,"z":0.15640592575073243},"rotation":{"x":0.19863902032375337,"y":0.7395460605621338,"z":-0.24736328423023225,"w":0.5937480330467224},"size":13.416882514953614,"orthographic":false}